project,technique,precision,recall,wasted,bug id,original score percentage,f-score,expense,t-score,cost,exam-score,bug index,changed files,changed functions
Cli,original,0.25,0.25,3.0,193,1,0.25,75.0,75.0,0.75,75.0,32,1,1
Cli,original,0.0,0.0,5,33,1,0,100,100,1.0,100,5,1,1
Cli,original,0.0,0.0,5,203,1,0,100,100,1.0,100,35,2,2
Cli,original,0.0,0.0,5,265,1,0,100,100,1.0,100,14,1,1
Cli,original,3.5999880478810105e-11,1.7999940239405053e-11,5,205,1,2.3999920319206737e-11,60.0,60.0,0.6,60.0,33,3,3
Cli,original,0.0,0.0,5,207,1,0,100,100,1.0,100,31,1,2
Cli,original,0.007142857142857143,0.002040816326530612,6,5,1,0.003174603174603174,66.66666666666666,66.66666666666666,0.6666666666666665,66.66666666666666,27,9,38
